1;Muller;LUCE;LUCE.Muller@voila.fr;27, impasse de Martin;20-03-1969;17:8:15;5292afd101acf5f11994f2dbdf47c63e;eTA7uzFsKkD;Valence (26);Educateurs spécialisés;BDO Canada
1;Dubois;VIRGINIE;VIRGINIE.Dubois@gmail.com;33, rue de Robert;19-01-1981;8:9:16;05c7b1180665a774cc94166171114d1e;69HX8e3!JZTH&Lbx;Fontenay-aux-Roses (92);Chefs cuisiniers;Stikeman Elliott
0;Henry;ROSELYNE;ROSELYNE.Henry@bbox.fr;76, place de Laurent;05-04-1976;8:29:13;12752a2fc6b8c73d0018478b66519020;sipIq6GJu7T&6HI;Lormont (33);Philosophie;JLMD CPA inc.
1;Brun;NICOLE;NICOLE.Brun@bbox.fr;25, chemin de Vasseur;27-01-2001;8:53:1;a4856eb333077e28c793c4d15f6e1d42;QhbcCfmgYzKgp;Corbeil-Essonnes (91);Economiste;Transdev Canada
0;Noel;MARCELLE;MARCELLE.Noel@hotmail.fr;86, avenue de Gautier;30-04-1999;19:6:40;2970a06ac57ef78a6924b32941793a8d;deh82CRd;Talence (33);menuisiers;EY
1;Hoarau;IRENE;IRENE.Hoarau@orange.fr;73, chemin de Laporte;26-10-1998;17:0:56;d942c79c330fc05d25bafa6283a84376;x9m&i0eO?AP8B;Troyes (10);Historien;Benoit Racette Services Conseils
1;Francois;ANNE;ANNE.Francois@bbox.fr;49, avenue de Girard;14-04-1999;16:22:6;5b54a016f6df825703b5c20738fe7728;pJfH&Q&HMQ;Bois-Colombes (92);Zoologiste;Bourassa Boyer
0;Garnier;LEONARD;LEONARD.Garnier@laposte.fr;22, boulevard de Simon;13-01-1975;23:40:53;4927783150d84d5eecf82f99d8b762d8;JGR8jWJI&;Arnouville (95);Assisant exécutif;Impôts 24h Comptabilité
1;Renault;MARINE;MARINE.Renault@laposte.fr;93, rue de Michel;20-03-1990;12:27:59;d48cc7b75b4876a9a3e628356246acdd;ebfNx%ZryCx4JeC*;Melun (77);Libraire;
1;Carre;MARGOT;MARGOT.Carre@zoho.org;84, boulevard de Guyot;01-12-1968;19:3:56;90aab1413b7963b6d0e9c44c748a960c;1SNkTtd8;Trélazé (49);Vendeurs en produits alimentaires;STAS
1;Perrier;EVA;EVA.Perrier@orange.fr;64, chemin de Duval;22-08-1987;17:6:51;2c854fb0d31ddd1dd5f7465c59d6372e;Hcgg!ryU1o%nTQFn;Rochefort (17);Bouchers;Raymond Chabot Grant Thornton
1;Carpentier;ALICE;ALICE.Carpentier@voila.fr;46, avenue de Dupont;05-01-1974;22:1:39;2adb6e15ff8ea44e2f7d5d5f7e9c058a;zGvG4ievegyWCQd;Villenave-d'Ornon (33);esthéticiens;Therrien Couture Joli-Coeur s.e.n.c.r.l.
1;Henry;CECILE;CECILE.Henry@gmail.com;18, boulevard de Faure;24-05-1972;11:23:36;3369ed608a7bdaa33dd4f8228a23cbdb;1mcT?g03;Dinan (22);Economiste;KPMG
0;Perrier;INES;INES.Perrier@zoho.org;85, rue de Lefebre;29-07-1992;18:49:47;f1c48bed1377511d54eec0799dc52464;LFOkRJ8u9Yqw%3&;Villeneuve-la-Garenne (92);agriculteur ;Deloitte Canada
0;Duval;GINETTE;GINETTE.Duval@ootlook.fr;26, chemin de Chevalier;28-11-1969;11:7:35;050beef79c3ec6bfc5681ee3602448f9;bVxrD4nCt;La Rochelle (17);esthéticiens;Padgett - Services aux entreprises
1;David;EDITH;EDITH.David@orange.fr;65, boulevard de Lefebre;04-06-1993;10:34:50;1901def5f66aa508f23d3f2dc7aae949;NlpP8Vx7;Montreuil (93);Agents de sécurité et de surveillance;Bourassa Boyer
1;Girard;EUGENIE;EUGENIE.Girard@hotmail.fr;49, avenue de Michel;03-05-1988;9:36:59;cbf0a95861a84d9fe76b5e066193dd08;O7A4Vx7AHeebr;Saint-Denis (93);Analyste cyber-sécurité;BGL CPA [anc. Luneau Lafond Gladu Duranleau]
0;Noel;MARCELLINE;MARCELLINE.Noel@icloud.com;01, place de Boyer;01-01-1981;7:55:33;0480deee12a0bbc27cf4e914d2d1bd73;4kSGgyfB;Boucau (64);esthéticiens;JLMD CPA inc.
0;Le_Gall;AUGUSTINE;AUGUSTINE.Le_Gall@icloud.com;90, boulevard de Faure;18-04-1979;22:37:25;660fcf97c202b2fcd20c41088118b987;X9SHXIM!jH;Deuil-la-Barre (95);Streameur;LLG CPA
1;Louis;ESTELLE;ESTELLE.Louis@ootlook.fr;37, avenue de Dupuis;04-01-1972;8:56:38;724e931b722490daf2c6f6fec70f662d;3x37B&L8gObs!k;Corbeil-Essonnes (91);Comptable;MDCB Comptables Professionnels Agréée S.E.N.C
0;Leclerc;AMANDINE;AMANDINE.Leclerc@bbox.fr;90, residence de Dupont;31-03-1975;23:53:21;c4e02eeddfa2a2d2b3c73f411f27314a;kV5b1lJWEGR%;Saint-Étienne-du-Rouvray (76);Philosophie;Coffrages Synergy
0;Michel;ASTRID;ASTRID.Michel@gmail.com;35, residence de Bernard;30-05-1996;11:4:7;84f2fd8789b77f488fe79a5a3a97af1a;nBS625XzlSZO;Fontenay-aux-Roses (92);Curés;Lévesque CPA inc.
0;Guerin;CECILE;CECILE.Guerin@icloud.com;79, avenue de Jean;03-02-1984;6:21:57;e6f3248a639d0329dfec8a986513b68b;2GrzEbMdRg;Rumilly (74);Agents de services hospitaliers;Proaction International
1;Leger;LAURENCE;LAURENCE.Leger@bbox.fr;83, impasse de Robin;05-09-2001;15:24:46;e9350a866ef010520929f867ade8fbd5;QCZ3l3ZKtD;Saint-Raphaël (83);Aides-soignants;Spiegel Sohmer
1;Simon;YVETTE;YVETTE.Simon@yahoo.fr;53, chemin de Thomas;28-04-1974;9:37:51;b2033e35084715f614d12494bfebe15e;czjQmet0ayiL!4FN;Montluçon (03);Informaticien;Hardy, Normand & associés
0;Garnier;MARGUERITE;MARGUERITE.Garnier@voila.fr;25, rue de Fournier;07-09-1967;16:9:6;5b97465b885e83f1189afedb16c5507e;e2w%hAgnC?;Épinal (88);Informaticien;BDO Canada
1;Fleury;MARCELLINE;MARCELLINE.Fleury@icloud.com;92, rue de Faure;09-05-1995;23:17:13;ea4d6051304f636ca3ccd8ebdfaa9011;bk39h8*7Dl;Saint-Brieuc (22);Psychologue;KPMG
1;Hubert;LEONA;LEONA.Hubert@voila.fr;00, chemin de David;18-09-1972;16:31:43;6c2c942cb2dc439df7fb286a6604f3fc;NdR2s4Ncwc;L'Haÿ-les-Roses (94);Cuisinier;MXO
1;Denis;YVETTE;YVETTE.Denis@voila.fr;14, residence de Guyot;26-01-1991;3:14:55;c3a406db291dbe43194bab45f2eec7f4;51o?0gJ!p92J5EqT;Challans (85);Plombiers;Wood - Solutions en environnement & infrastructure
0;Benoit;CATHERINE;CATHERINE.Benoit@univ-rennes1.fr;35, avenue de Marchand;07-06-1976;10:9:47;6671dc135beffbc893771cdcdc1e0f18;zINyihPk;Lille (59);Employés de libre service;Miller Thomson
0;Marchal;CARMEN;CARMEN.Marchal@yahoo.fr;62, rue de Germain;21-12-1970;10:28:0;a9b97de230fe744b096a3c68dde5e374;1TeR5gF8km%S!;Villenave-d'Ornon (33);Aides-soignants;JLMD CPA inc.
0;Leger;CATHERINE;CATHERINE.Leger@ootlook.fr;52, impasse de Francois;28-03-1994;6:57:37;30c906cb0e909d2385cba9c359f7968e;%LAlWnKUdv84I;Croix (59);Agents d'entretien de locaux;DeBlois Avocats
0;Moulin;FLORENCE;FLORENCE.Moulin@laposte.fr;99, boulevard de Sanchez;29-01-1974;2:32:15;9620e0568b6fc548c1f29547a69b8b30;QK5ORkux6aAyoxaJ;Meaux (77);Philosophie;Petrie Raymond
0;Dumont;FLORENCE;FLORENCE.Dumont@hotmail.fr;94, avenue de Carpentier;27-11-1982;23:58:42;da0df1787ca9a214649b01624f156ba5;M%DzILB05;Vitré (35);Ouvriers non qualifiés de l'emballage et manutentionnaires;Miller Thomson
0;;GINETTE;GINETTE.@hotmail.fr;03, avenue de Bergert;22-10-1976;19:30:59;2c00ecf82869536ef7d3325bce56c4b1;FdnQ9t8fHkI;Saint-Mandé (94);Secrétaires bureautiques et assimilés;Hardy, Normand & associés
0;Prevost;JEANINE;JEANINE.Prevost@yahoo.fr;18, residence de Leger;20-07-1994;17:35:30;b00e37610cb1ad804e012ea3ec39d74f;5B10?IaAqrrV;Laxou (54);Banquiers;Impôts 24h Comptabilité
0;Leger;FREDERIC;FREDERIC.Leger@orange.fr;00, place de Dupuis;03-12-1977;10:51:5;56208a7b8b9ff611a36fd6e839f696c4;l6o6hssr7m;Le Blanc-Mesnil (93);Community Manager;Clyde & Cie Canada
1;Leger;JUSTINE;JUSTINE.Leger@zoho.org;37, impasse de Chevalier;17-12-1970;22:31:8;f27757037ab1f8685991435320f36c2c;7R*xtGcr2KqJNB;Vaulx-en-Velin (69);Ouvriers non qualifiés du second œuvre du bâtiment;LJT Avocats
1;Gautier;ESTELLE;ESTELLE.Gautier@voila.fr;28, residence de Rousseau;02-01-1992;6:4:51;86d9e9e395b14c3af541c103a4e2a080;1hbzoQuZeCaKpW;Marseille (13);Cinéaste;MXO
0;Leger;CLAIRE;CLAIRE.Leger@zoho.org;36, chemin de Noel;21-11-1978;6:53:52;9e822eecbaa96a2a61037f7600f05818;0YX13qt%N%;Bonneuil-sur-Marne (94);Boulangers;Demers Beaulne
1;Leclercq;NATHALIE;NATHALIE.Leclercq@hotmail.fr;74, rue de Marie;28-05-1969;13:50:47;b2bdd8b1d33fb91b3d711b0b011b5f78;28&Wn?vg%X;Saumur (49);Serveurs de cafés restaurants;SLF (Schwartz, Levitsky, Feldman)
0;Jean;RENE;RENE.Jean@voila.fr;09, avenue de Thomas;11-06-1966;20:19:32;94ec092100701dc5cf326797d8648dea;IsClI0Wfmr0DIg7c;Massy (91);Sportif;Lachance Parent CPA
1;Dupuy;MANON;MANON.Dupuy@gmail.com;40, place de David;04-01-1967;7:14:20;531231f71e00702aa889d490e61b2560;kHTNn7Ho&zp8SlxZ;Villeneuve-la-Garenne (92);Médecin ORL;Groupe EVEX
0;Garnier;LEONARD;LEONARD.Garnier@laposte.fr;22, boulevard de Simon;13-01-1975;23:40:53;05f70fd84e1bb1f2bb41985050c1f43d;JGR8jWJI&;Arnouville (95);Assisant exécutif;Impôts 24h Comptabilité
0;Chevalier;ASTRID;ASTRID.Chevalier@gmail.com;78, place de Boucher;01-01-1967;5:48:44;1dfa57dde0ce1a52fd0499032ede7097;4Oa%Rv7?gUvhEC82;Epagny Metz-Tessy (74);Ouvriers non qualifiés du gros œuvre du bâtiment;Langlois avocats
1;Michel;DENISE;DENISE.Michel@zoho.org;06, rue de Robert;31-01-1967;9:6:51;42b13750abc30b830a0357b7cc8ed1c6;YHNMlsV4&4kX7;Tourcoing (59);Physicien;Mallette
1;Perrier;EVA;EVA.Perrier@orange.fr;64, chemin de Duval;22-08-1987;17:6:51;c174348afce35fd9d9e7b47c376a150b;Hcgg!ryU1o%nTQFn;Rochefort (17);Bouchers;Raymond Chabot Grant Thornton
0;Carpentier;ALICE;ALICE.Carpentier@voila.fr;46, avenue de Dupont;05-01-1974;22:1:39;a887a72a4c87e1add367ec7878b21028;zGvG4ievegyWCQd;Villenave-d'Ornon (33);esthéticiens;Therrien Couture Joli-Coeur s.e.n.c.r.l.
1;Bourgois;MARIE-FRANCE;MARIE-FRANCE.Bourgois@ootlook.fr;67, residence de Boucher;21-11-1997;2:14:57;ef177d401e6c989e87a927a5efb78a59;sD?RHOEkhv!;Ollioules (83);Directeur;LJT Avocats
0;Perrier;INES;INES.Perrier@zoho.org;85, rue de Lefebre;29-07-1992;18:49:47;2ffd74238c563bf2172162e0e2a6c798;LFOkRJ8u9Yqw%3&;Villeneuve-la-Garenne (92);agriculteur ;Deloitte Canada
